ALLIROL EMANUEL,Maçonnerie,,,,,,,,
AU BAS NOIR,Boutique lingerie - mercerie,,"16, avenue Dr L. Steinberg",26140,ST RAMBERT D'ALBON,04 75 31 01 44,,,
A LA PETITE COMTESSE(Morandat),Boulangerie Patisserie,M. MORANDAT,"13, rue Lucien Chautant",26140,ST RAMBERT D'ALBON,04 75 31 00 55,,,
AUTO DROME (garage),Garage  ,REY ,"RN7, le creux de laThine",26140,ALBON,04 75 03 02 83,06 70 68 51 35,pierrelouis.rey@auto-drome.fr,
AUTOMATEC,Automatisme Electricité Industrielle,Mr AUTERNAUD,,26140,ANDANCETTE,04 75 31 28 24,,automatec26@orange.fr,
AUTOSUR,Contrôle Technique automobiles,Mr Dorne,11 rue Ernest Durand,26140,ANNEYRON,04 75 31 45 10,,,
AXA / Cabinet Alain SASSOLAS,Assurances et Banque,Mr Alain SASSOLAS,10 av. Dr Lucien Steinberg,26140,ST RAMBERT D'ALBON,04 75 31 01 83,04 75 31 06 65,agence.sassolas@axa.fr,
ETS BERNARD,Quincaillerie Générale,Anne Bernard,3 route des Fouillouses,26140,ST RAMBERT D'ALBON,04 75 31 00 20,,,
BAGSTON,Mineral déco ammena ext,,ZA Les Payots,26140,ANDANCETTE,04 75 03 04 05,,,www.bagston.fr
BAR DES AILES,Restaurant,M. GIRARD Benjamin,Le Creux de la Thine,26140,ALBON,04 75 23 72 42 ,,girard.benja@gmail.com,
BERGOGNON Serge,Zinguerie,M. BERGOGNON Serge,Boresse,26140,BEAUSEMBLANT,,06 80 27 10 72,,
BERT TRANSPORTS,Transporteur,Mr Patrice PERICARD,ZA La Tulandière - BP 61,26140,ST RAMBERT D'ALBON,04 75 31 01 15,,,
BERTHET VETEMENTS,Boutique Vêtements,Mme Béatrice BERTHET,Place Gaston Oriol,26140,ST RAMBERT D'ALBON,04 75 31 22 12,,,
BORET GRAND,Portails Ferronerie Serrurerie,M. GRAND Gérald,Quartier les Fouillouses Nord ,26140,ST RAMBERT D'ALBON,04 75 31 24 13,,g.grandautomatisme@pboret.com,
CHAUSSURES 2000,Boutique Sportwears et Chaussures,Mme ROANI,Avenue Dr L. Steinberg,2614O,ST RAMBERT D'ALBON,04 75 31 11 60,,,
COCON DE SOIE,Institut de beauté,Melle GENTHON,"55, avenue Steinberg",26140,ST RAMBERT D'ALBON,04 75 23 19 65,,,
COURTEPAILLE,Restaurant,,Les Bourgeons Rond Point A7,38150,CHANAS,04 74 84 24 78,,,
CREDIT AGRI CENTRE EST,Banque et Assurance,,Avenue Steinberg,26140,ST RAMBERT D'ALBON,,,,
CREDIT AGR  SUD RHÔNE ALPES,Banque,Mr BATTAGLINI,Place Gaston Oriol,26140,ST RAMBERT D'ALBON,0810 20 03 26,,,
DELMONICO DOREL,Matériaux Carrieres et pierres,M. Delmonico,La Ravicole,26140,ANDANCETTE,04 75 03 11 00,,,
GARAGE CHEVAL,Garage  ,M. Cheval,RN 7,26140,ALBON,04 75 03 11 23,,garage.cheval@wanadoo.fr,
GARAGE MONTAGNIER,Garage  ,M. MONTAGNIER,ZA La Tulandière,26140,ST RAMBERT D'ALBON,04 75 31 01 06,,m-montagnier-ludovic@orange.fr ,
GOLF D'ALBON,Restaurant Hôtel - Golf,Mr Gurguie,,26140,ALBON,04 75 03 03 90,,golf-albon@wanadoo.fr,
HOTEL IBIS, Restaurant Hôtel Ibis,,RN 7,26140,ST RAMBERT D'ALBON,04 75 03 04 00,,,
IMM'GEST,Agence Immobiliere,Mme Sylviane PERDRIX,35 av. Dr Lucien Steinberg,26140,ST RAMBERT D'ALBON,04 75 31 23 27,,,
ISERE DROME SECURITE,,,,,,,,,
JAMET SARL,Charpente couverture,Sommeillier Elodie et Chris,ZA les Payots,26140,ANDANCETTE,04 75 31 56 81,,sarljamet@aliceadsl.fr,
JEROME COIFFURE,Coiffeur,MR BESSELIA,"43, Avenue Lucien Steinberg",26140,ST RAMBERT D'ALBON,04 75 31 37 49,,,
JUILLET YOHAN,sono,JUILLET Yohan,"60, rue Steinberg",26140,ST RAMBERT D'ALBON,,06 83 06 86 66,yohan.juillet@orange.fr,
KRIER TRAITEUR,Traiteur,Mr Jean-Claude Krier,38 av. Dr. Lucien Steinberg,26140,ST RAMBERT D'ALBON,04 75 31 01 54,,jc.krier26@orange.fr,
L'ARC-EN-CIEL, Restaurant - Bar,,RN 7 - Le Creux de la Thine,26140,ANDANCETTE,04 75 03 16 41,,,
 LA CABANNE A LOLO,Restaurant bar,Mr GIRARD Laurent,"2, avenue Pierre Sémard",26140,ST RAMBERT D'ALBON,04 75 03 13 96,,,
LE FIL DE L'EAU,Restaurant,Mr Stéphane COULON,Rue du Rhône,26140,ST RAMBERT D'ALBON,04 75 31 35 78,,fildeleau@webstp.fr,
Le MINI JAZZ,Bar-Restaurant,Mme Odile AULAGNON,6 av. Dr Lucien Steinberg,26140,ST RAMBERT D'ALBON,04 75 31 00 42,,,
LES JARDINS DE FABRICE,Parcs et Jardins,M. BEGOT Fabrice,Les Basses Clavettes,26140,ST RAMBERT D'ALBON,04 75 31 33 20,06 60 87 57 88,,
LE TAC ô THE (Dany),Snack,,"14, av Pierrre Sémard",26140,ST RAMBERT D'ALBON,,06 17 91 96 95,,
LA TOQUE DAUPHINOISE,Traiteur,Mr Perdrix,Combe Brune - BP13,26140,ANNEYRON,04 75 31 52 74,,latoquetraiteur@aol.com,
LES CHÊNES (Carrières),Transport location carrière,Mme JUILLAT,Carrière des Chênes - RN 7,26140,ANDANCETTE,04 75 23 11 55,,claire.juillat@eiffage.com,
MA COIFFURE (Marchand),Coiffeur,MARCHAND ,Place Gaston Oriol,26140,ST RAMBERT D'ALBON,04 75 31 02 68,,,
MAGRIS SAS ,Garage  ,Mr Thomassier,9 rue des Tuileries,69700,GIVORS,04 74 78 22 11,,contact@magris.net,
MC2F,Menuiserie bois alu pvc,,ZA Les Payots,26140,ANDANCETTE,04 75 31 18 40,, mc2f-menuiserie@hotmail.com,www.mc2f-menuiserie.fr
NM2I (Nimal Patrick),Plomberie - Electricité,M. NIMAL Patrick,"29, rue Bernard Labrosse",26140,ANNEYRON,04 75 31 37 73,06 85 570 569,nimal.patrick@wanadoo.fr,
NORD DROME AUTOMOBILES(Renault), Automobiles ,M. VEUILLEUX Grégory,"7, route d'Anneyron",26140,ST RAMBERT D'ALBON,04 75 31 01 49,06 64 66 36 00,,
OPTIQUE 2000 (SARL LOOK OPTIC), Optique ,M. GOMES,"1, place Paul Morand",38550,LE PEAGE DE ROUSSILLON,04 74 29 59 80,,look.optic38@orange.fr,
ORPHEE FLEURS,fleuriste,RICHARD Stéphanie,"4, avenue Steinberg",26140,ST RAMBERT D'ALBON,04 75 31 03 79,,,
INTEMPOREL,Coiffeur,,20 av. Dr Lucien Steinberg,26140,ST RAMBERT D'ALBON,04 75 31 01 29,,,
PEGGY COIFFURE,Coiffeur,MAZA Peggy,33 av. Dr Lucien Steinberg,26140,ST RAMBERT D'ALBON,04 75 31 02 18,,,
ROURE ,Platrier,M. ROURE Richard,"20, route des vergers",26140,ST RAMBERT D'ALBON,04 75 31 05 73,06 09 87 05 09,sarl.roure.richard@sfr.fr,
RUGBY STORE,SPORTSWEAR,TEXIER Romain,ZA Les Justices33 rue du Gampalou,38550,SALAISE SUR SANNE,09 67 37 74 25,,,
SALON 5ème R / REVOLU-TIF,Coiffeur,Mme Delphine ROBIN,56 av. Dr Lucien Steinberg,26140,ST RAMBERT D'ALBON,04 75 23 37 69,,,
SOLU GRAPH,Imprimerie,MODRIN Jean Luc,ZA Les payots,26140,ANDANCETTE,04 75 31 03 10,,,
TABAC PRESSE LOTO Challaye,Tabac Presse loto PMU,CHALLAYE Thierry,"9, ave Steinberg",26140,ST RAMBERT D'ALBON,04 75 31 07 69,,,
TAXI L. de RICHAUD,Taxi,M. de Richaud,"6, rue des écoles",26140,ST RAMBERT D'ALBON,04 75 31 00 47,,taxiderichaud@wanadoo.fr,
TOMMASINI NICOLAS eurl,Plombier/Chauffagiste,Mr Nicolas TOMMASINI,13 rue Jules Vedrinne,26140,ST RAMBERT D'ALBON,,06 22 27 43 05,tommasiniplomberie@yahoo.fr,
THOMAS COOK,Voyagiste,,Zone de Jonchain Sud,38150,SALAISE SUR SANNE,04 74 11 08 83,,bleu.azur.salaise@thomascookfr.com,
VITRONET,Nettoyage,Mr Pascal FANGET,2 Lot la Roseraie,26140,ST RAMBERT D'ALBON,04 75 31 23 55,06 21 85 66 74,fangetpacha@aol.com,
VERANDALUX,Véranda,M. FRANCE Maxime,"23, ZA les Orties",26240,LAVEYRON,04 75 23 30 70,,verandalux@orange.fr,
YESSS ELECTRONIQUE,Matériel electronique,M. CARCEL Stéphane,ZA des Epines,26240,ST SORLIN EN VALLOIRE,04 75 03 77 77,06 12 84 75 81,stephane.carcel@yesss-fr.com,
